market for steel, low-alloyed, hot rolled;GLO;kilogram;steel, low-alloyed, hot rolled
Cadmium;('air', 'non-urban air or from high stacks');kilogram
Chromium, ion;('water', 'surface water');kilogram
Heptane;('air', 'non-urban air or from high stacks');kilogram
Occupation, construction site;('natural resource', 'land');square meter-year
diesel, burned in building machine;GLO;megajoule;diesel, burned in building machine
market group for heat, district or industrial, natural gas;GLO;megajoule;heat, district or industrial, natural gas
operation, computer, desktop, with liquid crystal display, active mode;CH;hour;operation, computer, desktop, with liquid crystal display, active mode
Hydrogen, gaseous, 25 bar, from heatpipe reformer gasification of woody biomass with CCS, at gasification plant;RER;kilogram;Hydrogen, gaseous, 25 bar
Transformation, from forest, extensive;('natural resource', 'land');square meter
market for ammonia, anhydrous, liquid;RER;kilogram;ammonia, anhydrous, liquid
market for printed wiring board, surface mounted, unspecified, Pb free;GLO;kilogram;printed wiring board, surface mounted, unspecified, Pb free
Copper;('air', 'low population density, long-term');kilogram
Electrolyte, LFP;JP;kilogram;Electrolyte, LFP
market for thermoforming, with calendering;GLO;kilogram;thermoforming, with calendering
Fluoride;('water', 'surface water');kilogram
market for lime;RoW;kilogram;lime
Heat, waste;('air', 'urban air close to ground');megajoule
Fiber drying 2;RER;kilogram;Dried fiber 2
market group for electricity, low voltage;GLO;kilowatt hour;electricity, low voltage
market for electricity, low voltage, renewable energy products;CH;kilowatt hour;electricity, low voltage, renewable energy products
Hydrogen, gaseous, 700 bar, from heatpipe reformer gasification of woody biomass, at fuelling station;RER;kilogram;Hydrogen, gaseous, 700 bar
market for residue from shredder fraction from manual dismantling;RoW;kilogram;residue from shredder fraction from manual dismantling
Sodium, ion;('water', 'ground-, long-term');kilogram
high pressure hydrogen storage tank;GLO;kilogram;high pressure hydrogen storage tank
Water, well, in ground;('natural resource', 'in water');cubic meter
treatment of waste reinforced concrete, collection for final disposal;Europe without Switzerland;kilogram;waste reinforced concrete
market for ammonia, anhydrous, liquid;CN;kilogram;ammonia, anhydrous, liquid
Formaldehyde;('air', 'low population density, long-term');kilogram
Arsenic;('air', 'urban air close to ground');kilogram
market for extrusion, plastic film;GLO;kilogram;extrusion, plastic film
market for sulfuric acid;RoW;kilogram;sulfuric acid
air separation, cryogenic;RoW;kilogram;oxygen, liquid
heat and power co-generation, natural gas, conventional power plant, 100MW electrical;DE;kilowatt hour;electricity, high voltage
market for polycarbonate;GLO;kilogram;polycarbonate
Argon-40;('air',);kilogram
transmission, for lorry;RER;kilogram;transmission, for lorry
low voltage system, for Li-ion battery;GLO;kilogram;low voltage system, for Li-ion battery
market for heat, central or small-scale, biomethane;Europe without Switzerland;megajoule;heat, central or small-scale, biomethane
market for transport, freight, inland waterways, barge;RoW;ton kilometer;transport, freight, inland waterways, barge
market for metal working, average for steel product manufacturing;GLO;kilogram;metal working, average for steel product manufacturing
Fiber sizing;RER;kilogram;Sized fiber
hydrogen production, gaseous, 25 bar, from electrolysis;RER;kilogram;Hydrogen, gaseous, 25 bar
treatment of waste bulk iron, excluding reinforcement, sorting plant;Europe without Switzerland;kilogram;waste bulk iron, excluding reinforcement
Biodiesel, from palm oil, at fuelling station;RER;kilogram;biodiesel, vehicle grade
Fixed bed reactor for RWGS;RER;unit;Fixed bed reactor
market for pitch;Europe without Switzerland;kilogram;pitch
market for chlorine, liquid;RER;kilogram;chlorine, liquid
Transformation, from grassland, natural (non-use);('natural resource', 'land');square meter
Nitrogen oxides;('air', 'urban air close to ground');kilogram
PAH, polycyclic aromatic hydrocarbons;('air', 'low population density, long-term');kilogram
market for glass fibre reinforced plastic, polyamide, injection moulded;GLO;kilogram;glass fibre reinforced plastic, polyamide, injection moulded
market for water, deionised;CH;kilogram;water, deionised
aluminium production, primary, ingot;IAI Area, Asia, without China and GCC;kilogram;aluminium, primary, ingot
magnesium production, electrolysis;RoW;kilogram;magnesium
market for electricity, low voltage;CH;kilowatt hour;electricity, low voltage
Hydrogen, gaseous, 700 bar, from heatpipe reformer gasification of woody biomass, at fuelling station;CH;kilogram;Hydrogen, gaseous, 700 bar
o-Xylene;('air', 'non-urban air or from high stacks');kilogram
Particulates, < 2.5 um;('air', 'low population density, long-term');kilogram
Carbon dioxide, non-fossil;('air', 'non-urban air or from high stacks');kilogram
electricity production, lignite;DE;kilowatt hour;electricity, high voltage
SMR NG + CCS (MDEA), 98 (average), 25 bar;CH;megajoule;Hydrogen, gaseous, 25 bar
MEA hot pressing;GLO;kilogram;MEA hot pressing
market for polyethylene terephthalate, granulate, amorphous;GLO;kilogram;polyethylene terephthalate, granulate, amorphous
market for tap water;CH;kilogram;tap water
production of 2 wt-% potassium iodide solution;RER;kilogram;production of 2 wt-% potassium iodide solution
Ethanol from sugarbeet;RER;kilogram;Ethanol from sugarbeet
drawing of pipe, steel;RER;kilogram;drawing of pipe, steel
Sabatier reaction methanation unit;RER;unit;Sabatier reaction methanation unit
market for copper, anode;GLO;kilogram;copper, anode
pump production, 40W;CH;unit;pump, 40W
market for dimethyl sulfoxide;GLO;kilogram;dimethyl sulfoxide
PEM Fuel Cell;GLO;kilowatt;PEM Fuel Cell
electricity production, at power plant/biogas, post, pipeline 200km, storage 1000m;RER;kilowatt hour;electricity, high voltage
market group for electricity, low voltage;RER;kilowatt hour;electricity, low voltage
electricity production, nuclear, pressure water reactor;DE;kilowatt hour;electricity, high voltage
Formaldehyde;('air', 'urban air close to ground');kilogram
Hydrogen refuelling station;GLO;unit;Hydrogen refuelling station
Ethanol from maize starch;RER;kilogram;Ethanol from maize starch
Ethene;('air', 'low population density, long-term');kilogram
market for chemical factory, organics;GLO;unit;chemical factory, organics
Chromium;('air', 'urban air close to ground');kilogram
Particulates, > 10 um;('air', 'non-urban air or from high stacks');kilogram
market for iodine;GLO;kilogram;iodine
market group for electricity, low voltage;ENTSO-E;kilowatt hour;electricity, low voltage
1-Pentene;('air', 'low population density, long-term');kilogram
Xylene;('air', 'low population density, long-term');kilogram
market for transport, freight, sea, tanker for petroleum;GLO;ton kilometer;transport, freight, sea, tanker for petroleum
gas motor production, 206kW;RER;unit;gas motor, 206kW
Ethanol, from wheat grains, at fuelling station;RER;kilogram;ethanol, without water, in 99.7% solution state, vehicle grade
market for zinc oxide;GLO;kilogram;zinc oxide
market group for electricity, low voltage;CN;kilowatt hour;electricity, low voltage
Hydrogen, gaseous, 700 bar, from SMR of NG, with CCS, at fuelling station;RER;kilogram;Hydrogen, gaseous, 700 bar
smelting of copper concentrate, sulfide ore;RoW;kilogram;copper, anode
market for petroleum coke;GLO;kilogram;petroleum coke
Ammonia;('air',);kilogram
market for transport, freight train;CN;ton kilometer;transport, freight train
market for transformer, high voltage use;GLO;kilogram;transformer, high voltage use
Sulfur dioxide;('air', 'non-urban air or from high stacks');kilogram
Fiber stretching and washing;RER;kilogram;Stretched and washed fiber
argon production, liquid;RoW;kilogram;argon, liquid
Hydrogen, gaseous, 700 bar, from heatpipe reformer gasification of woody biomass with CCS, at fuelling station;RER;kilogram;Hydrogen, gaseous, 700 bar
Battery cell, NMC-111;GLO;kilogram;Battery cell
market for ammonium bicarbonate;RER;kilogram;ammonium bicarbonate
market for wastewater, average;Europe without Switzerland;cubic meter;wastewater, average
market for nitric acid, without water, in 50% solution state;CN;kilogram;nitric acid, without water, in 50% solution state
pumps, carbon dioxide capture process;RER;unit;pumps, carbon dioxide capture process
Lithium, ion;('water',);kilogram
market for spent solvent mixture;Europe without Switzerland;kilogram;spent solvent mixture
noise, octave 5, day time, urban;('octave 5', 'day time', 'urban');joule
gravel and sand quarry operation;CH;kilogram;sand
diesel production, synthetic, from electrolysis-based hydrogen, energy allocation, at fuelling station;RER;kilogram;diesel, synthetic, vehicle grade
market for polyethylene, high density, granulate;GLO;kilogram;polyethylene, high density, granulate
noise, octave 4, day time, rural;('octave 4', 'day time', 'rural');joule
market for display, liquid crystal, 17 inches;GLO;unit;display, liquid crystal, 17 inches
PEM electrolyzer, ACDC Converter;GLO;unit;PEM electrolyzer, ACDC Converter
market for acrylic acid;RER;kilogram;acrylic acid
market for internal combustion engine, passenger car;GLO;kilogram;internal combustion engine, passenger car
heat and power co-generation, biogas, gas engine;CH;megajoule;heat, central or small-scale, other than natural gas
Hydrogen, gaseous, 700 bar, ATR of NG, at fuelling station;RER;kilogram;Hydrogen, gaseous, 700 bar
Zinc;('air', 'non-urban air or from high stacks');kilogram
market for soap;GLO;kilogram;soap
market for zinc;GLO;kilogram;zinc
coating of natural graphite;CN;kilogram;natural graphite, coated
ATR NG + CCS (MDEA), 98 (average), 25 bar;RER;megajoule;Hydrogen, gaseous, 25 bar
electricity production, hydro, reservoir, alpine region;CH;kilowatt hour;electricity, high voltage
synthetic gas factory construction;RoW;unit;synthetic gas factory
AOX, Adsorbable Organic Halogen as Cl;('water', 'surface water');kilogram
Benzene;('air', 'urban air close to ground');kilogram
market for silica sand;GLO;kilogram;silica sand
injection moulding;RoW;kilogram;injection moulding
Carbon monoxide, fossil;('air',);kilogram
anode, graphite, for Li-ion battery;GLO;kilogram;anode, graphite, for Li-ion battery
Biodiesel, from used cooking oil, at fuelling station;RER;kilogram;biodiesel, vehicle grade
market for electronics, for control units;GLO;kilogram;electronics, for control units
Xylene;('air', 'urban air close to ground');kilogram
market for hard coal;Europe, without Russia and Turkey;kilogram;hard coal
tube insulation production, elastomere;RoW;kilogram;tube insulation, elastomere
steel production, chromium steel 18/8, hot rolled;RoW;kilogram;steel, chromium steel 18/8, hot rolled
market for steel, chromium steel 18/8, hot rolled;GLO;kilogram;steel, chromium steel 18/8, hot rolled
treatment of non-sulfidic tailing, off-site;GLO;kilogram;non-sulfidic tailing, off-site
market for rape seed;GLO;kilogram;rape seed
market for calcium chloride;RER;kilogram;calcium chloride
market for tin;GLO;kilogram;tin
transport, pipeline, supercritical CO2, 200km w recompression;RER;ton kilometer;transport, pipeline, supercritical CO2, 200km w recompression
market for electronic component, passive, unspecified;GLO;kilogram;electronic component, passive, unspecified
PAH, polycyclic aromatic hydrocarbons;('air', 'urban air close to ground');kilogram
market for concrete, for de-icing salt contact;CH;cubic meter;concrete, for de-icing salt contact
market for latex;RoW;kilogram;latex
high voltage system, for Li-ion battery;GLO;kilogram;high voltage system, for Li-ion battery
Transformation, to annual crop, non-irrigated, intensive;('natural resource', 'land');square meter
market for carbon dioxide, liquid;RER;kilogram;carbon dioxide, liquid
epoxy resin production, liquid;RER;kilogram;epoxy resin, liquid
Diesel production, synthetic, Fischer Tropsch process, energy allocation;RER;kilogram;Diesel, synthetic
electricity production, at BIGCC power plant 450MW, pre, pipeline 200km, storage 1000m;RER;kilowatt hour;electricity, high voltage
market for silicone product;RER;kilogram;silicone product
Sulfur hexafluoride;('air',);kilogram
market for sulfur dioxide, liquid;RoW;kilogram;sulfur dioxide, liquid
market for monoethanolamine;GLO;kilogram;monoethanolamine
Butane;('air', 'urban air close to ground');kilogram
heat, from municipal waste incineration to generic market for heat district or industrial, other than natural gas;CH;megajoule;heat, district or industrial, other than natural gas
market for hydrochloric acid, without water, in 30% solution state;RoW;kilogram;hydrochloric acid, without water, in 30% solution state
market for concrete block;DE;kilogram;concrete block
metal working, average for steel product manufacturing;RER;kilogram;metal working, average for steel product manufacturing
market for steel, chromium steel 18/8;GLO;kilogram;steel, chromium steel 18/8
market for polyethylene, low density, granulate;GLO;kilogram;polyethylene, low density, granulate
aluminium ingot, primary, to aluminium, wrought alloy market;GLO;kilogram;aluminium, wrought alloy
Occupation, industrial area;('natural resource', 'land');square meter-year
Heptane;('air', 'urban air close to ground');kilogram
electricity production, solar thermal parabolic trough, 50 MW;ES;kilowatt hour;electricity, high voltage
NMC-811 hydroxide;GLO;kilogram;NMC-811 hydroxide
market for nitric acid, without water, in 50% solution state;RER w/o RU;kilogram;nitric acid, without water, in 50% solution state
treatment of used bus;CH;unit;used bus
Carbon dioxide, fossil;('air', 'non-urban air or from high stacks');kilogram
Methyl ethyl ketone;('air', 'non-urban air or from high stacks');kilogram
ethanol without biogas;RER;megajoule;ethanol without biogas
market for concrete, sole plate and foundation;CH;cubic meter;concrete, sole plate and foundation
cabin, for lorry;RER;kilogram;cabin, for lorry
market for air compressor, screw-type compressor, 300kW;GLO;unit;air compressor, screw-type compressor, 300kW
Water;('water', 'ocean');cubic meter
lime production, milled, packed;CH;kilogram;lime, packed
Water;('air',);cubic meter
Energy, kinetic (in wind), converted;('natural resource', 'in air');megajoule
noise, octave 7, day time, urban;('octave 7', 'day time', 'urban');joule
market for titanium dioxide;RER;kilogram;titanium dioxide
petrol production, low-sulfur;Europe without Switzerland;kilogram;petrol, low-sulfur
market for coal tar;GLO;kilogram;coal tar
market for heat, from steam, in chemical industry;RoW;megajoule;heat, from steam, in chemical industry
Battery BoP;GLO;kilogram;Battery BoP
Acrolein;('air', 'urban air close to ground');kilogram
steel production, electric, low-alloyed;Europe without Switzerland and Austria;kilogram;steel, low-alloyed
market for transport, pipeline, onshore, petroleum;RER;ton kilometer;transport, pipeline, onshore, petroleum
Toluene;('air',);kilogram
Nitrogen;('air',);kilogram
market for compost;GLO;kilogram;compost
transport, freight train, diesel, with particle filter;CH;ton kilometer;transport, freight train
metal working, average for chromium steel product manufacturing;RER;kilogram;metal working, average for chromium steel product manufacturing
exhaust system, for lorry;RER;kilogram;exhaust system, for lorry
Spinning dope;RER;kilogram;Spinning dope
NMC-622 hydroxide;GLO;kilogram;NMC-622 hydroxide
market for graphite;GLO;kilogram;graphite
TOC, Total Organic Carbon;('water', 'surface water');kilogram
frame, blanks and saddle, for lorry;RER;kilogram;frame, blanks and saddle, for lorry
market for transport, freight train;RoW;ton kilometer;transport, freight train
market group for natural gas, high pressure;Europe without Switzerland;cubic meter;natural gas, high pressure
Occupation, forest, intensive;('natural resource', 'land');square meter-year
Methane, non-fossil;('air',);kilogram
Calcium, ion;('water', 'ground-, long-term');kilogram
Dinitrogen monoxide;('air',);kilogram
Carbon dioxide, non-fossil;('air', 'urban air close to ground');kilogram
market for acrylonitrile;GLO;kilogram;acrylonitrile
water production, deionised;Europe without Switzerland;kilogram;water, deionised
market for lead;GLO;kilogram;lead
Magnesium;('water', 'surface water');kilogram
market for sodium methoxide;GLO;kilogram;sodium methoxide
market for inert waste, for final disposal;CH;kilogram;inert waste, for final disposal
market for copper oxide;GLO;kilogram;copper oxide
Gas-to-liquid plant construction;GLO;unit;Gas-to-liquid plant
market for nylon 6-6;RoW;kilogram;nylon 6-6
Sugar beet cultivation {RER} | sugar beet production Europe | Alloc Rec, U;RER;megajoule;Sugar beet cultivation {RER} | sugar beet production Europe | Alloc Rec, U
heat production, natural gas, at industrial furnace >100kW;RoW;megajoule;heat, district or industrial, natural gas
market for electronic component factory;GLO;unit;electronic component factory
Methyl ethyl ketone;('air', 'low population density, long-term');kilogram
Pentane;('air',);kilogram
carbon dioxide, captured from atmosphere;RER;kilogram;carbon dioxide, captured from the atmosphere
market for water, deionised;Europe without Switzerland;kilogram;water, deionised
Xenon-133;('air', 'non-urban air or from high stacks');kilo Becquerel
laminating service, foil, with acrylic binder;RER;square meter;laminating service, foil, with acrylic binder
NMC-622 oxide;GLO;kilogram;NMC-622 oxide
tetrafluoroethylene production;RoW;kilogram;tetrafluoroethylene
DOC, Dissolved Organic Carbon;('water', 'surface water');kilogram
market for sheet rolling, aluminium;GLO;kilogram;sheet rolling, aluminium
PEM electrolyzer, Balance of Plant;GLO;unit;PEM electrolyzer, Balance of Plant
market for butadiene;RER;kilogram;butadiene
Arsenic;('air', 'low population density, long-term');kilogram
Energy, gross calorific value, in biomass, primary forest;('natural resource', 'biotic');megajoule
PEM electrolyzer, Stack;GLO;unit;PEM electrolyzer, Stack
Fiber carbonization (high temp);RER;kilogram;Carbonized fiber, high temp
cooling unit, carbon dioxide capture process;RER;unit;cooling unit, carbon dioxide capture process
Lead;('water',);kilogram
Sulfate;('water', 'ground-, long-term');kilogram
market for municipal solid waste;RoW;kilogram;municipal solid waste
computer production, desktop, without screen;GLO;unit;computer, desktop, without screen
market for limestone, crushed, washed;RoW;kilogram;limestone, crushed, washed
computer production, laptop;GLO;unit;computer, laptop
Biodiesel from palm oil;RER;kilogram;Biodiesel from palm oil
Nitrogen oxides;('air', 'low population density, long-term');kilogram
m-Xylene;('air', 'non-urban air or from high stacks');kilogram
market for cobalt hydroxide;GLO;kilogram;cobalt hydroxide
market for electricity, medium voltage;CH;kilowatt hour;electricity, medium voltage
natural graphite concentration;CN;kilogram;graphite ore, concentrated
market group for electricity, medium voltage;ENTSO-E;kilowatt hour;electricity, medium voltage
transport, helicopter, LTO cycle;GLO;unit;transport, helicopter, LTO cycle
market for packaging film, low density polyethylene;GLO;kilogram;packaging film, low density polyethylene
Propane;('air',);kilogram
noise, octave 3, day time, urban;('octave 3', 'day time', 'urban');joule
Sulfur dioxide;('air', 'urban air close to ground');kilogram
market for acrylonitrile-butadiene-styrene copolymer;GLO;kilogram;acrylonitrile-butadiene-styrene copolymer
market for heat, from steam, in chemical industry;RER;megajoule;heat, from steam, in chemical industry
market for chemical factory;GLO;kilogram;chemical factory
Dinitrogen monoxide;('air', 'non-urban air or from high stacks');kilogram
market group for transport, freight, inland waterways, barge;GLO;ton kilometer;transport, freight, inland waterways, barge
market for nitrogen, liquid;RoW;kilogram;nitrogen, liquid
Sulfite;('water',);kilogram
market for diethanolamine;GLO;kilogram;diethanolamine
Biomethane, gaseous, 5 bar, from sewage sludge fermentation, at fuelling station;RER;kilogram;biomethane, high pressure
noise, octave 4, day time, urban;('octave 4', 'day time', 'urban');joule
Carbon fiber, weaved, at factory;RER;kilogram;Carbon fiber, weaved
treatment of drilling waste, landfarming;CH;kilogram;drilling waste
methane, from electrochemical methanation, with carbon from atmospheric CO2 capture;RER;kilogram;methane, from electrochemical methanation
treatment of drilling waste, residual material landfill;CH;kilogram;drilling waste
market for water, completely softened;RER;kilogram;water, completely softened
Ammonia;('air', 'non-urban air or from high stacks');kilogram
internal combustion engine, for lorry;RER;kilogram;internal combustion engine, for lorry
Catenary masts;RER;unit;Catenary masts
Hydrocarbons, aromatic;('water', 'surface water');kilogram
Hydrogen-3, Tritium;('air', 'non-urban air or from high stacks');kilo Becquerel
market for lithium hexafluorophosphate;GLO;kilogram;lithium hexafluorophosphate
Zinc;('air', 'urban air close to ground');kilogram
market for reinforcing steel;GLO;kilogram;reinforcing steel
market for transport, freight, lorry >32 metric ton, EURO6;RER;ton kilometer;transport, freight, lorry >32 metric ton, EURO6
Chromium;('air', 'low population density, long-term');kilogram
Hydrogen, gaseous, 700 bar, from gasification of woody biomass in entrained flow gasifier, with CCS, at fuelling station;CH;kilogram;Hydrogen, gaseous, 700 bar
market for acetylene;RER;kilogram;acetylene
Charger;RER;unit;Charger
Benzaldehyde;('air', 'low population density, long-term');kilogram
Glider lightweighting;GLO;kilogram;glider lightweighting
Cables;RER;unit;Cables
market for potassium sulfate;RER;kilogram;potassium sulfate
tin production;RoW;kilogram;tin
Calcite, in ground;('natural resource', 'in ground');kilogram
market for sheet rolling, steel;GLO;kilogram;sheet rolling, steel
Wood, soft, standing;('natural resource', 'biotic');cubic meter
Ethanol from wheat straw pellets;RER;kilogram;Ethanol from wheat straw pellets
Battery cell, NMC-811;GLO;kilogram;Battery cell
market for heat, district or industrial, natural gas;RoW;megajoule;heat, district or industrial, natural gas
treatment of scrap steel, inert material landfill;CH;kilogram;scrap steel
ethylene glycol production;RoW;kilogram;ethylene glycol
market for sulfuric acid;RER;kilogram;sulfuric acid
Exhaust gas treatment 1;RER;kilogram;Exhaust gas treatment 1
Occupation, annual crop, non-irrigated, intensive;('natural resource', 'land');square meter-year
market for transport, freight, sea, container ship;GLO;ton kilometer;transport, freight, sea, container ship
market for light fuel oil;RoW;kilogram;light fuel oil
market for steel, unalloyed;GLO;kilogram;steel, unalloyed
hot water tank, carbon dioxide capture process;RER;unit;hot water tank, carbon dioxide capture process
Styrene;('air', 'low population density, long-term');kilogram
assembly operation, for lorry;RER;kilogram;assembly operation, for lorry
Selenium;('air', 'low population density, long-term');kilogram
Carbon monoxide, fossil;('air', 'non-urban air or from high stacks');kilogram
market for diesel;Europe without Switzerland;kilogram;diesel
Exhaust gas treatment 2;RER;kilogram;Exhaust gas treatment 2
Transformers;RER;unit;Transformers
market for sulfur hexafluoride, liquid;RER;kilogram;sulfur hexafluoride, liquid
market for kerosene;RoW;kilogram;kerosene
noise, octave 6, day time, rural;('octave 6', 'day time', 'rural');joule
Chromium VI;('air', 'non-urban air or from high stacks');kilogram
sheet rolling, chromium steel;RoW;kilogram;sheet rolling, chromium steel
Phosphate;('water',);kilogram
Battery cell, NCA;GLO;kilogram;Battery cell
Acetaldehyde;('air',);kilogram
noise, octave 6, day time, urban;('octave 6', 'day time', 'urban');joule
market for converter, for electric passenger car;GLO;kilogram;converter, for electric passenger car
market group for inorganic potassium fertiliser, as K2O;RER;kilogram;inorganic potassium fertiliser, as K2O
glass fibre reinforced plastic production, polyamide, injection moulded;RER;kilogram;glass fibre reinforced plastic, polyamide, injection moulded
sheet rolling, aluminium;RoW;kilogram;sheet rolling, aluminium
metal working, average for aluminium product manufacturing;RoW;kilogram;metal working, average for aluminium product manufacturing
Ethane;('air', 'non-urban air or from high stacks');kilogram
Methyl ethyl ketone;('air', 'urban air close to ground');kilogram
Chloride;('water', 'ground-');kilogram
diaphragms, for diaphragm compressor;GLO;unit;diaphragms, for diaphragm compressor
Acetone;('air', 'low population density, long-term');kilogram
market for aluminium casting facility;GLO;unit;aluminium casting facility
market for chemical, inorganic;GLO;kilogram;chemical, inorganic
electricity production, oil;DE;kilowatt hour;electricity, high voltage
barite production;RER;kilogram;barite
steel production, converter, low-alloyed;RER;kilogram;steel, low-alloyed
market for triethyl amine;GLO;kilogram;triethyl amine
Charging stand;RER;unit;Charging stand
Gangue, in ground;('natural resource', 'in ground');kilogram
market for municipal solid waste;CH;kilogram;municipal solid waste
management sytem production, for Li-ion battery;GLO;kilogram;management system, for Li-ion battery
market for potassium hydroxide;GLO;kilogram;potassium hydroxide
sulfuric acid production;RoW;kilogram;sulfuric acid
Propene;('air', 'non-urban air or from high stacks');kilogram
Pentane;('air', 'non-urban air or from high stacks');kilogram
electronics production, for control units;RoW;kilogram;electronics, for control units
Fiber sizing 2;RER;kilogram;Resized fiber
disodium disulphite;GLO;kilogram;disodium disulphite
gearbox, for lorry;RER;kilogram;gearbox, for lorry
treatment of wastewater, average, capacity 1E9l/year;CH;cubic meter;wastewater, average
Water;('air', 'non-urban air or from high stacks');cubic meter
market group for electricity, medium voltage;Europe without Switzerland;kilowatt hour;electricity, medium voltage
market for lithium hydroxide;GLO;kilogram;lithium hydroxide
transport, pipeline, supercritical CO2, 200km w/o recompression;RER;ton kilometer;transport, pipeline, supercritical CO2, 200km w/o recompression
market for phthalic anhydride;GLO;kilogram;phthalic anhydride
Refined Waste Cooking Oil {RER} | Refining of waste cooking oil Europe | Alloc Rec, U;RER;megajoule;Refined Waste Cooking Oil {RER} | Refining of waste cooking oil Europe | Alloc Rec, U
lignite mine operation;RER;kilogram;lignite
market for liquefied petroleum gas;Europe without Switzerland;kilogram;liquefied petroleum gas
fuel tank, for diesel vehicle;RER;kilogram;fuel tank
market for power distribution unit, for electric passenger car;GLO;kilogram;power distribution unit, for electric passenger car
Butane;('air', 'low population density, long-term');kilogram
Gas, mine, off-gas, process, coal mining;('natural resource', 'in ground');cubic meter
Cadmium;('air', 'low population density, long-term');kilogram
market for road maintenance;RER;meter-year;road maintenance
market for dolomite;RER;kilogram;dolomite
Toluene;('air', 'non-urban air or from high stacks');kilogram
Carbon dioxide, fossil;('air',);kilogram
metal working, average for aluminium product manufacturing;RER;kilogram;metal working, average for aluminium product manufacturing
Dinitrogen monoxide;('air', 'low population density, long-term');kilogram
treatment of tyre wear emissions, lorry;RER;kilogram;tyre wear emissions, lorry
Cyclohexane;('air', 'non-urban air or from high stacks');kilogram
NMVOC, non-methane volatile organic compounds, unspecified origin;('air', 'non-urban air or from high stacks');kilogram
Acetaldehyde;('air', 'non-urban air or from high stacks');kilogram
market for electric motor, electric passenger car;GLO;kilogram;electric motor, electric passenger car
Heat, waste;('water',);megajoule
noise, octave 2, day time, rural;('octave 2', 'day time', 'rural');joule
Clay, unspecified, in ground;('natural resource', 'in ground');kilogram
electricity production, natural gas, conventional power plant;DE;kilowatt hour;electricity, high voltage
polyvinylchloride production, bulk polymerisation;RER;kilogram;polyvinylchloride, bulk polymerised
NCA hydroxide;GLO;kilogram;NCA hydroxide
Hydrogen, gaseous, 25 bar, from gasification of woody biomass in entrained flow gasifier, with CCS, at gasification plant;RER;kilogram;Hydrogen, gaseous, 25 bar
market for waste concrete;RoW;kilogram;waste concrete
Biodiesel from rapeseed oil;RER;kilogram;Biodiesel from rapeseed oil
natural graphite spheronization;CN;kilogram;graphite, spherical
market for ethylene glycol;GLO;kilogram;ethylene glycol
Lead;('air', 'non-urban air or from high stacks');kilogram
market for flat glass, coated;RER;kilogram;flat glass, coated
market for cyclohexane;GLO;kilogram;cyclohexane
treatment of waste gypsum, inert material landfill;Europe without Switzerland;kilogram;waste gypsum
market for spent solvent mixture;CH;kilogram;spent solvent mixture
lubricating oil production;RoW;kilogram;lubricating oil
Potassium, ion;('water', 'ground-, long-term');kilogram
Benzaldehyde;('air', 'urban air close to ground');kilogram
treatment of brake wear emissions, lorry;RER;kilogram;brake wear emissions, lorry
heat production, natural gas, at industrial furnace low-NOx >100kW;RoW;megajoule;heat, district or industrial, natural gas
synthetic rubber production;RER;kilogram;synthetic rubber
market for water, decarbonised;RoW;kilogram;water, decarbonised
Tie-rods;GLO;kilogram;Tie-rods
Heat, waste;('water', 'surface water');megajoule
Water, river;('natural resource', 'in water');cubic meter
Ancillary BoP;GLO;kilogram;Ancillary BoP
Granite, in ground;('natural resource', 'in ground');kilogram
market for waste plastic, industrial electronics;RoW;kilogram;waste plastic, industrial electronics
Silicon;('water', 'ground-, long-term');kilogram
Occupation, traffic area, road network;('natural resource', 'land');square meter-year
market for manganese sulfate;GLO;kilogram;manganese sulfate
market for magnesium sulfate;GLO;kilogram;magnesium sulfate
market for metal working factory;GLO;unit;metal working factory
Radon-222;('air', 'non-urban air or from high stacks');kilo Becquerel
algae harvesting| dry algae production;RER;kilogram;algae harvesting| dry algae production
Fiber stabilization;RER;kilogram;Stabilized fiber
Transformation, to heterogeneous, agricultural;('natural resource', 'land');square meter
transformer and rectifier unit, for electrolyzer;GLO;unit;transformer and rectifier unit, for electrolyzer
Hydrogen sulfide;('air',);kilogram
Cathode paste, LFP;JP;kilogram;Cathode paste, LFP
market for lithium carbonate;GLO;kilogram;lithium carbonate
market for transport, freight, aircraft, unspecified;GLO;ton kilometer;transport, freight, aircraft, unspecified
market for nylon 6-6, glass-filled;RER;kilogram;nylon 6-6, glass-filled
market for nylon 6;RoW;kilogram;nylon 6
Methane, fossil;('air', 'non-urban air or from high stacks');kilogram
Selenium;('air', 'urban air close to ground');kilogram
o-Xylene;('air', 'low population density, long-term');kilogram
market for maize seed, for sowing;GLO;kilogram;maize seed, for sowing
market group for electricity, medium voltage;RER;kilowatt hour;electricity, medium voltage
market for electric connector, wire clamp;GLO;kilogram;electric connector, wire clamp
SMR NG + CCS (MDEA), 98 (average), 700 bar;CH;kilogram;SMR NG + CCS, 700 bar
SMR NG, 25 bar;CH;megajoule;SMR NG, 25 bar
control panel, carbon dioxide capture process;RER;unit;control panel, carbon dioxide capture process
other components, for electric lorry;RER;kilogram;other components, for electric lorry
market for polyvinylfluoride;GLO;kilogram;polyvinylfluoride
Fiber unwinding;RER;kilogram;Fiber unwinding
Heptane;('air', 'low population density, long-term');kilogram
noise, octave 1, day time, rural;('octave 1', 'day time', 'rural');joule
NMC-111 oxide;GLO;kilogram;NMC-111 oxide
Dinitrogen monoxide;('air', 'urban air close to ground');kilogram
kraft paper production;RER;kilogram;kraft paper
market for ceramic tile;GLO;kilogram;ceramic tile
gravel production, crushed;RoW;kilogram;gravel, crushed
transport, freight, lorry 16-32 metric ton, EURO5;RER;ton kilometer;transport, freight, lorry 16-32 metric ton, EURO5
market for transport, freight train;Europe without Switzerland;ton kilometer;transport, freight train
market for hydrochloric acid, without water, in 30% solution state;RER;kilogram;hydrochloric acid, without water, in 30% solution state
Ammonia;('air', 'urban air close to ground');kilogram
Acetone;('air', 'urban air close to ground');kilogram
Propane;('air', 'non-urban air or from high stacks');kilogram
transport, helicopter;GLO;hour;transport, helicopter
market for plastic processing factory;GLO;unit;plastic processing factory
market for transport, freight, lorry 7.5-16 metric ton, EURO6;RER;ton kilometer;transport, freight, lorry 7.5-16 metric ton, EURO6
Phosphate;('water', 'ground-, long-term');kilogram
market for epoxy resin, liquid;RER;kilogram;epoxy resin, liquid
market for inert waste, for final disposal;RoW;kilogram;inert waste, for final disposal
Iron, ion;('water', 'ground-, long-term');kilogram
market for molybdenum trioxide;GLO;kilogram;molybdenum trioxide
market for sugar beet seed, for sowing;GLO;kilogram;sugar beet seed, for sowing
Biodiesel, from rapeseed oil, at fuelling station;RER;kilogram;biodiesel, vehicle grade
Overhead lines;RER;unit;Overhead lines
woodchips from forestry residues;RER;megajoule;woodchips from forestry residues
Bipolar plate;GLO;kilowatt;Bipolar plate
Wood, hard, standing;('natural resource', 'biotic');cubic meter
market for styrene;GLO;kilogram;styrene
noise, octave 4, day time, suburban;('octave 4', 'day time', 'suburban');joule
market for hard coal;CN;kilogram;hard coal
Benzene;('air', 'low population density, long-term');kilogram
BOD5, Biological Oxygen Demand;('water',);kilogram
Electrical equipment;RER;unit;Electrical equipment
Pentane;('air', 'low population density, long-term');kilogram
Nickel;('air', 'non-urban air or from high stacks');kilogram
Rapeseed cultivation {RER} | rapeseed production Europe | Alloc Rec, U;RER;megajoule;Rapeseed cultivation {RER} | rapeseed production Europe | Alloc Rec, U
Acrolein;('air', 'low population density, long-term');kilogram
diesel production, synthetic, from electrolysis-based hydrogen, economic allocation, at fuelling station;RER;kilogram;diesel, synthetic, vehicle grade
m-Xylene;('air', 'urban air close to ground');kilogram
market for gold;GLO;kilogram;gold
market for hexafluoroethane;GLO;kilogram;hexafluoroethane
Hydrogen, gaseous, 25 bar, from heatpipe reformer gasification of woody biomass, at gasification plant;CH;kilogram;Hydrogen, gaseous, 25 bar
chemical factory construction, organics;RER;unit;chemical factory, organics
Carbon monoxide, fossil;('air', 'urban air close to ground');kilogram
Transformation, from annual crop;('natural resource', 'land');square meter
Cadmium;('air', 'urban air close to ground');kilogram
electricity production, at power plant/natural gas, post, pipeline 200km, storage 1000m;RER;kilowatt hour;electricity, high voltage
frequency converter, for diaphragm compressor;GLO;unit;frequency converter, for diaphragm compressor
treatment of wastewater, average, capacity 1E9l/year;Europe without Switzerland;cubic meter;wastewater, average
Carbon-14;('air', 'non-urban air or from high stacks');kilo Becquerel
BOD5, Biological Oxygen Demand;('water', 'surface water');kilogram
Hydrocarbons, chlorinated;('air', 'non-urban air or from high stacks');kilogram
market for methanol;GLO;kilogram;methanol
Cyclohexane;('air', 'low population density, long-term');kilogram
market for transport, freight, lorry, unspecified;RoW;ton kilometer;transport, freight, lorry, unspecified
market group for inorganic phosphorus fertiliser, as P2O5;RER;kilogram;inorganic phosphorus fertiliser, as P2O5
Hydrogen, gaseous, 30 bar, from hard coal gasification and reforming, at coal gasification plant;RER;kilogram;Hydrogen, gaseous, 30 bar
market for gypsum fibreboard;GLO;kilogram;gypsum fibreboard
noise, octave 6, day time, suburban;('octave 6', 'day time', 'suburban');joule
market for quicklime, milled, packed;RER;kilogram;quicklime, milled, packed
market for steam, in chemical industry;RER;kilogram;steam, in chemical industry
Particulates, < 2.5 um;('air',);kilogram
market for inverter, for electric passenger car;GLO;kilogram;inverter, for electric passenger car
Hydrogen, gaseous, 700 bar, from gasification of woody biomass in entrained flow gasifier, at fuelling station;RER;kilogram;Hydrogen, gaseous, 700 bar
SMR BM, HT+LT, + CCS (MDEA), 98 (average), digestate incineration, 26 bar;CH;megajoule;Hydrogen, gaseous, 26 bar
market for impact extrusion of aluminium, 1 stroke;GLO;kilogram;impact extrusion of aluminium, 1 stroke
Radon-220;('air', 'non-urban air or from high stacks');kilo Becquerel
infrastructure construction, for regional distribution of oil product;RER;unit;infrastructure, for regional distribution of oil product
market for transport, freight, lorry >32 metric ton, EURO5;RER;ton kilometer;transport, freight, lorry >32 metric ton, EURO5
Hydrogen, gaseous, 25 bar, from heatpipe reformer gasification of woody biomass with CCS, at gasification plant;CH;kilogram;Hydrogen, gaseous, 25 bar
Ethanol from wheat grains;RER;kilogram;Ethanol from wheat grains
Hydrogen-3, Tritium;('water', 'surface water');kilo Becquerel
treatment of waste mineral oil, hazardous waste incineration;RoW;kilogram;waste mineral oil
market for sulfur dioxide, liquid;RER;kilogram;sulfur dioxide, liquid
LTO electrode material (Li4Ti5O12);GLO;kilogram;LTO electrode material (Li4Ti5O12)
treatment of inert waste, inert material landfill;CH;kilogram;inert waste, for final disposal
market for N-methyl-2-pyrrolidone;GLO;kilogram;N-methyl-2-pyrrolidone
glass fibre reinforced plastic production, polyester resin, hand lay-up;RER;kilogram;glass fibre reinforced plastic, polyester resin, hand lay-up
market for rainwater mineral oil storage;Europe without Switzerland;cubic meter;rainwater mineral oil storage
Propene;('air', 'urban air close to ground');kilogram
NMVOC, non-methane volatile organic compounds, unspecified origin;('air',);kilogram
market group for electricity, high voltage;ENTSO-E;kilowatt hour;electricity, high voltage
treatment of wastewater, unpolluted, capacity 5E9l/year;RoW;cubic meter;wastewater, unpolluted
noise, octave 7, day time, suburban;('octave 7', 'day time', 'suburban');joule
market for stone wool, packed;GLO;kilogram;stone wool, packed
electricity production, wind, 1-3MW turbine, onshore;DE;kilowatt hour;electricity, high voltage
market for carbon black;GLO;kilogram;carbon black
suspension, for lorry;RER;kilogram;suspension, for lorry
welding, arc, aluminium;RER;meter;welding, arc, aluminium
NMC-811 oxide;GLO;kilogram;NMC-811 oxide
Sulfur dioxide;('air', 'low population density, long-term');kilogram
Lithium iron phosphate [LiFePO4];JP;kilogram;Lithium iron phosphate [LiFePO4]
market for metal working, average for metal product manufacturing;GLO;kilogram;metal working, average for metal product manufacturing
market for polyurethane, rigid foam;RER;kilogram;polyurethane, rigid foam
Oil Palm Tree Cultivation {RER} | Fresh Fruit Bunches (FFBs) production | Alloc Rec, U;RER;megajoule;Oil Palm Tree Cultivation {RER} | Fresh Fruit Bunches (FFBs) production | Alloc Rec, U
market for polyethylene, high density, granulate, recycled;Europe without Switzerland;kilogram;polyethylene, high density, granulate, recycled
Maize cultivation, drying and storage {RER} | Maize production Europe | Alloc Rec, U;RER;megajoule;Maize cultivation, drying and storage {RER} | Maize production Europe | Alloc Rec, U
o-Xylene;('air', 'urban air close to ground');kilogram
carbon black production;GLO;kilogram;carbon black
treatment of wastewater, from residence, capacity 1.1E10l/year;RoW;cubic meter;wastewater, from residence
Xenon-135;('air', 'non-urban air or from high stacks');kilo Becquerel
Straw bales | baling of straw;RER;megajoule;Straw bales | baling of straw
liquid storage tank production, chemicals, organics;CH;unit;liquid storage tank, chemicals, organics
lead acid battery, for lorry;RER;kilogram;lead acid battery, for lorry
Fiber carbonization (low temp);RER;kilogram;Carbonized fiber, low temp
Toluene;('air', 'urban air close to ground');kilogram
Chromium VI;('air', 'urban air close to ground');kilogram
market group for light fuel oil;RER;kilogram;light fuel oil
Water, salt, ocean;('natural resource', 'in water');cubic meter
Oil, crude, in ground;('natural resource', 'in ground');kilogram
Cyclohexane;('air', 'urban air close to ground');kilogram
Cathode current collector, LTO;JP;kilogram;Cathode current collector, LTO
market for nitrogen, liquid;RER;kilogram;nitrogen, liquid
Zinc;('air', 'low population density, long-term');kilogram
market for activated carbon, granular;GLO;kilogram;activated carbon, granular
Ethane;('air', 'urban air close to ground');kilogram
Transformation, to industrial area;('natural resource', 'land');square meter
market for soil pH raising agent, as CaCO3;GLO;kilogram;soil pH raising agent, as CaCO3
Chloride;('water', 'surface water');kilogram
Monoethanolamine;('air',);kilogram
Particulates, < 2.5 um;('air', 'non-urban air or from high stacks');kilogram
market for road;GLO;meter-year;road
copper collector foil, for Li-ion battery;GLO;kilogram;copper collector foil, for Li-ion battery
market for brass;CH;kilogram;brass
market group for electricity, high voltage;RER;kilowatt hour;electricity, high voltage
other components, for hybrid electric lorry;RER;kilogram;other components, for hybrid electric lorry
hydrogen fluoride production;RoW;kilogram;hydrogen fluoride
Anode current collector, LFP;JP;kilogram;Anode current collector, LFP
market for nylon 6-6;RER;kilogram;nylon 6-6
Pentane;('air', 'urban air close to ground');kilogram
electricity production, wind, 1-3MW turbine, offshore;DE;kilowatt hour;electricity, high voltage
treatment of spent anion exchange resin from potable water production, municipal incineration;RoW;kilogram;spent anion exchange resin from potable water production
Ozone;('air',);kilogram
market for transport, freight, lorry 16-32 metric ton, EURO5;RoW;ton kilometer;transport, freight, lorry 16-32 metric ton, EURO5
Methane, dichloro-, HCC-30;('water', 'surface water');kilogram
Manganese;('water', 'surface water');kilogram
Gas Diffusion Layer;GLO;kilowatt;Gas Diffusion Layer
Essential BoP;GLO;kilogram;Essential BoP
ethylene glycol production;RER;kilogram;ethylene glycol
treatment of hard coal ash, residual material landfill;DE;kilogram;hard coal ash
biogas upgrading - sewage sludge - amine scrubbing - best;RER;kilogram;biogas upgrading - sewage sludge - amine scrubbing - best
activated silica production;GLO;kilogram;activated silica
Hexane;('air', 'non-urban air or from high stacks');kilogram
market for potassium carbonate;GLO;kilogram;potassium carbonate
Copper;('air', 'non-urban air or from high stacks');kilogram
market for phosphoric acid, industrial grade, without water, in 85% solution state;GLO;kilogram;phosphoric acid, industrial grade, without water, in 85% solution state
market for chemical, organic;GLO;kilogram;chemical, organic
noise, octave 5, day time, rural;('octave 5', 'day time', 'rural');joule
Sodium, ion;('water', 'surface water');kilogram
Biodiesel, from algae, at fuelling station;RER;kilogram;biodiesel, vehicle grade
electricity production, hydro, run-of-river;DE;kilowatt hour;electricity, high voltage
Hydrogen, gaseous, 700 bar, from heatpipe reformer gasification of woody biomass with CCS, at fuelling station;CH;kilogram;Hydrogen, gaseous, 700 bar
market for lubricating oil;RER;kilogram;lubricating oil
market for acetone, liquid;RoW;kilogram;acetone, liquid
Transformation, from forest, unspecified;('natural resource', 'land');square meter
market for natural gas, high pressure, vehicle grade;GLO;kilogram;natural gas, high pressure, vehicle grade
market for used vegetable cooking oil;GLO;kilogram;used vegetable cooking oil
Walls and foundations, for hydrogen refuelling station;RER;unit;Walls and foundations, for hydrogen refuelling station
electricity production, photovoltaic, 3kWp slanted-roof installation, multi-Si, panel, mounted;DE;kilowatt hour;electricity, low voltage
polyethylene production, high density, granulate;RER;kilogram;polyethylene, high density, granulate
Acetaldehyde;('air', 'urban air close to ground');kilogram
Volume occupied, reservoir;('natural resource', 'in water');cubic meter-year
Formaldehyde;('air', 'non-urban air or from high stacks');kilogram
Hydrocarbons, chlorinated;('air', 'low population density, long-term');kilogram
NMC-111 hydroxide;GLO;kilogram;NMC-111 hydroxide
market for NOx retained, by selective catalytic reduction;GLO;kilogram;NOx retained, by selective catalytic reduction
market for water, ultrapure;RoW;kilogram;water, ultrapure
Lead;('air',);kilogram
noise, octave 8, day time, suburban;('octave 8', 'day time', 'suburban');joule
market for tap water;RoW;kilogram;tap water
graphite purification;CN;kilogram;graphite, purified
noise, octave 3, day time, rural;('octave 3', 'day time', 'rural');joule
Energy, geothermal, converted;('natural resource', 'in ground');megajoule
market for hexane;GLO;kilogram;hexane
market for wood chips, wet, measured as dry mass;CH;kilogram;wood chips, wet, measured as dry mass
Water, turbine use, unspecified natural origin;('natural resource', 'in water');cubic meter
market for glass fibre;GLO;kilogram;glass fibre
market for metal working, average for aluminium product manufacturing;GLO;kilogram;metal working, average for aluminium product manufacturing
market for integrated circuit, logic type;GLO;kilogram;integrated circuit, logic type
noise, octave 7, day time, rural;('octave 7', 'day time', 'rural');joule
Multilayer pouch;GLO;kilogram;Multilayer pouch
Ethanol, from sugarbeet, at fuelling station;RER;kilogram;ethanol, without water, in 99.7% solution state, vehicle grade
Sulfate;('water', 'ground-');kilogram
market for aluminium alloy, AlLi;GLO;kilogram;aluminium alloy, AlLi
SMR NG, 700 bar;CH;kilogram;SMR NG, 700 bar
Hydrogen, gaseous, 700 bar, from SMR of NG, at fuelling station;RER;kilogram;Hydrogen, gaseous, 700 bar
Polyacrylonitrile production (PAN) by polymerisation;RER;kilogram;Polyacrylonitrile
market for used Li-ion battery;GLO;kilogram;used Li-ion battery
Nickel;('air', 'urban air close to ground');kilogram
aluminium collector foil, for Li-ion battery;GLO;kilogram;aluminium collector foil, for Li-ion battery
Propionic acid;('air',);kilogram
Shale, in ground;('natural resource', 'in ground');kilogram
diesel, burned in diesel-electric generating set, 18.5kW;GLO;megajoule;diesel, burned in diesel-electric generating set, 18.5kW
phenolic resin production;RoW;kilogram;phenolic resin
Barium;('water', 'surface water');kilogram
Strontium;('water', 'surface water');kilogram
ATR NG, 25 bar;RER;megajoule;Hydrogen, gaseous, 25 bar
Hydrogen, gaseous, 700 bar, from ATR of biogas, at fuelling station;RER;kilogram;Hydrogen, gaseous, 700 bar
Hydrogen, gaseous, 700 bar, from electrolysis, at fuelling station;RER;kilogram;Hydrogen, gaseous, 700 bar
treatment of municipal solid waste, incineration;DE;kilowatt hour;electricity, for reuse in municipal waste incineration only
Fiber relaxation;RER;kilogram;Relaxed fiber
market for lubricating oil;RoW;kilogram;lubricating oil
ATR BM + CCS (MDEA), 98 (average), with digestate incineration, 25 bar;CH;megajoule;Hydrogen, gaseous, 25 bar
Membrane;GLO;kilowatt;Membrane
market for corrugated board box;RoW;kilogram;corrugated board box
Carbon dioxide, fossil;('air', 'urban air close to ground');kilogram
Ammonia;('air', 'low population density, long-term');kilogram
Sand, unspecified, in ground;('natural resource', 'in ground');kilogram
market for waste rubber, unspecified;RoW;kilogram;waste rubber, unspecified
Water, unspecified natural origin;('natural resource', 'in water');cubic meter
SMR BM, HT+LT, with digestate incineration, 26 bar;CH;megajoule;Hydrogen, gaseous, 26 bar
transport, freight, lorry 16-32 metric ton, EURO6;RER;ton kilometer;transport, freight, lorry 16-32 metric ton, EURO6
algae cultivation | algae broth production;RER;kilogram;algae cultivation | algae broth production
treatment of biowaste by anaerobic digestion, with biogenic carbon uptake, lower bound C sequestration, digestate incineration;CH;cubic meter;biogas
Xylene;('air', 'non-urban air or from high stacks');kilogram
Electrolyte, LTO;JP;kilogram;Electrolyte, LTO
market for wastewater, average;CH;cubic meter;wastewater, average
treatment of waste mineral wool, inert material landfill;CH;kilogram;waste mineral wool, for final disposal
Fiber washing;RER;kilogram;Washed fiber
noise, octave 8, day time, urban;('octave 8', 'day time', 'urban');joule
Occupation, forest, extensive;('natural resource', 'land');square meter-year
Sodium;('water',);kilogram
Waste Cooking Oil;RER;megajoule;Waste Cooking Oil
maintenance, bus;CH;unit;maintenance, bus
market for cable, ribbon cable, 20-pin, with plugs;GLO;kilogram;cable, ribbon cable, 20-pin, with plugs
synthetic graphite;GLO;kilogram;synthetic graphite
PAH, polycyclic aromatic hydrocarbons;('air', 'non-urban air or from high stacks');kilogram
treatment of wood ash mixture, pure, municipal incineration;Europe without Switzerland;kilogram;wood ash mixture, pure
distribution network construction, electricity, low voltage;CH;kilometer;distribution network, electricity, low voltage
market group for transport, freight train;GLO;ton kilometer;transport, freight train
packaging production, for Li-ion battery module;GLO;kilogram;battery module packaging, Li-ion
Catalyst layer;GLO;kilowatt;Catalyst layer
polyethylene production, low density, granulate;RoW;kilogram;polyethylene, low density, granulate
HDPE tank liner;RER;kilogram;HDPE tank liner
integrated interface system production, for Li-ion battery;GLO;kilogram;management system, for Li-ion battery
market for ethylene carbonate;GLO;kilogram;ethylene carbonate
Methane, fossil;('air',);kilogram
biomethane from biogas upgrading - biowaste - amine scrubbing;CH;kilogram;biomethane
market for metal working, average for chromium steel product manufacturing;GLO;kilogram;metal working, average for chromium steel product manufacturing
Sodium chloride, in ground;('natural resource', 'in ground');kilogram
battery separator;GLO;kilogram;battery separator
Battery cell, LFP;GLO;kilogram;Battery cell
market group for diesel;RER;kilogram;diesel
Fuel tank, compressed natural gas, 200 bar;RER;kilogram;Fuel tank, compressed natural gas, 200 bar
Zinc, ion;('water', 'surface water');kilogram
market for explosive, tovex;GLO;kilogram;explosive, tovex
pipeline construction, natural gas, high pressure distribution network;RoW;kilometer;pipeline, natural gas, high pressure distribution network
heat and power co-generation, natural gas, 1MW electrical, lean burn;Europe without Switzerland;megajoule;heat, district or industrial, natural gas
noise, octave 1, day time, urban;('octave 1', 'day time', 'urban');joule
market for chlorine, liquid;RoW;kilogram;chlorine, liquid
Ethanol, from wheat straw pellets, at fuelling station;RER;kilogram;ethanol, without water, in 99.7% solution state, vehicle grade
Occupation, dump site;('natural resource', 'land');square meter-year
Hexane;('air', 'low population density, long-term');kilogram
electricity production, hard coal;DE;kilowatt hour;electricity, high voltage
tires and wheels, for lorry;RER;kilogram;tires and wheels, for lorry
Hydrogen, gaseous, 700 bar, from coal gasification, at fuelling station;RER;kilogram;Hydrogen, gaseous, 700 bar
carbon dioxide capture system;RER;unit;carbon dioxide capture system
Nitrogen oxides;('air',);kilogram
transmission network construction, electricity, high voltage;CH;kilometer;transmission network, electricity, high voltage
Iron, ion;('water', 'surface water');kilogram
market group for electricity, medium voltage;GLO;kilowatt hour;electricity, medium voltage
market for dimethyl carbonate;GLO;kilogram;dimethyl carbonate
Magnesium;('water', 'ground-, long-term');kilogram
Mercury;('air',);kilogram
electronics production, for control units;RER;kilogram;electronics, for control units
wiring and tubing, carbon dioxide capture process;RER;unit;wiring and tubing, carbon dioxide capture process
Hydrocarbons, chlorinated;('air', 'urban air close to ground');kilogram
production of nickle-based catalyst for methanation;RER;kilogram;production of nickle-based catalyst for methanation
market for potassium permanganate;GLO;kilogram;potassium permanganate
Ethene;('air', 'non-urban air or from high stacks');kilogram
market for sodium chloride, powder;GLO;kilogram;sodium chloride, powder
market for cast iron;GLO;kilogram;cast iron
market for sheet rolling, chromium steel;GLO;kilogram;sheet rolling, chromium steel
1-Pentene;('air', 'non-urban air or from high stacks');kilogram
pipeline construction, natural gas, high pressure distribution network;Europe without Switzerland;kilometer;pipeline, natural gas, high pressure distribution network
market for sodium persulfate;GLO;kilogram;sodium persulfate
market for water, decarbonised;CH;kilogram;water, decarbonised
market for aluminium sulfate, powder;RoW;kilogram;aluminium sulfate, powder
market for ammonium sulfate;RER;kilogram;ammonium sulfate
electricity production, deep geothermal;DE;kilowatt hour;electricity, high voltage
electricity production, at power plant/hard coal, post, pipeline 200km, storage 1000m;RER;kilowatt hour;electricity, high voltage
Hydrogen, gaseous, 25 bar, from gasification of woody biomass in entrained flow gasifier, at gasification plant;CH;kilogram;Hydrogen, gaseous, 25 bar
Cathode current collector, LFP;JP;kilogram;Cathode current collector, LFP
Fiber winding up;RER;kilogram;Fiber winding up
cathode, NCA, for Li-ion battery;GLO;kilogram;cathode, NCA, for Li-ion battery
Coal, brown, in ground;('natural resource', 'in ground');kilogram
Storage battery;RER;unit;Storage battery
EV charger, level 3, with pantograph, 450 kW;RER;unit;EV charger, level 3, with pantograph, 450 kW
market for water, ultrapure;RER;kilogram;water, ultrapure
heat and power co-generation, wood chips, 6667 kW, state-of-the-art 2014;DE;kilowatt hour;electricity, high voltage
noise, octave 3, day time, suburban;('octave 3', 'day time', 'suburban');joule
Water, cooling, unspecified natural origin;('natural resource', 'in water');cubic meter
Anode paste, LTO;JP;kilogram;Anode paste, LTO
market for urea;RER;kilogram;urea
market for water, deionised;RoW;kilogram;water, deionised
Carbon monoxide, fossil;('air', 'low population density, long-term');kilogram
display production, liquid crystal, 17 inches;GLO;unit;display, liquid crystal, 17 inches
Gas, natural, in ground;('natural resource', 'in ground');cubic meter
cathode, NMC-811, for Li-ion battery;GLO;kilogram;cathode, NMC-811, for Li-ion battery
Heat, waste;('air',);megajoule
market for sheet rolling, copper;GLO;kilogram;sheet rolling, copper
Toluene;('air', 'low population density, long-term');kilogram
Chromium VI;('air', 'low population density, long-term');kilogram
Distribution sheds;RER;unit;Distribution sheds
market group for electricity, low voltage;Europe without Switzerland;kilowatt hour;electricity, low voltage
Copper;('air', 'urban air close to ground');kilogram
market group for tap water;GLO;kilogram;tap water
market for portafer;GLO;kilogram;portafer
synthetic gas factory construction;CH;unit;synthetic gas factory
NCA oxide;GLO;kilogram;NCA oxide
m-Xylene;('air', 'low population density, long-term');kilogram
NMVOC, non-methane volatile organic compounds, unspecified origin;('air', 'low population density, long-term');kilogram
market for natural gas, high pressure;RoW;cubic meter;natural gas, high pressure
Hydrogen, gaseous, 700 bar, from SMR of biogas with CCS, at fuelling station;RER;kilogram;Hydrogen, gaseous, 700 bar
cobalt sulfate;GLO;kilogram;cobalt sulfate
Sulfur;('water', 'surface water');kilogram
market for iron sulfate;RoW;kilogram;iron sulfate
Ethane;('air', 'low population density, long-term');kilogram
market for nickel sulfate;GLO;kilogram;nickel sulfate
Mercury;('air', 'non-urban air or from high stacks');kilogram
market group for transport, freight, light commercial vehicle;GLO;ton kilometer;transport, freight, light commercial vehicle
straw pellets;RER;megajoule;straw pellets
air separation, cryogenic;RER;kilogram;nitrogen, liquid
noise, octave 2, day time, suburban;('octave 2', 'day time', 'suburban');joule
market for methyl acrylate;GLO;kilogram;methyl acrylate
market for electrostatic paint;GLO;kilogram;electrostatic paint
Particulates, < 2.5 um;('air', 'urban air close to ground');kilogram
market for transport, freight, lorry, unspecified;RER;ton kilometer;transport, freight, lorry, unspecified
market for nylon 6;RER;kilogram;nylon 6
Tab Aluminum;GLO;kilogram;Tab Aluminum
Hydrogen, gaseous, 25 bar, from gasification of woody biomass in entrained flow gasifier, at gasification plant;RER;kilogram;Hydrogen, gaseous, 25 bar
market for spent solvent mixture;RoW;kilogram;spent solvent mixture
Ethanol, from forest residues, at fuelling station;RER;kilogram;ethanol, without water, in 99.7% solution state, vehicle grade
market group for electricity, medium voltage;CN;kilowatt hour;electricity, medium voltage
Ethanol, from maize starch, at fuelling station;RER;kilogram;ethanol, without water, in 99.7% solution state, vehicle grade
market for natural gas service station;GLO;unit;natural gas service station
market for platinum;GLO;kilogram;platinum
Separator, LFP;JP;kilogram;Separator, LFP
transport, freight, lorry >32 metric ton, EURO6;RoW;ton kilometer;transport, freight, lorry >32 metric ton, EURO6
Hydrogen chloride;('air',);kilogram
market for fly ash and scrubber sludge;Europe without Switzerland;kilogram;fly ash and scrubber sludge
diaphragm compressor module, high pressure;GLO;unit;diaphragm compressor module, high pressure
Radon-222;('air', 'low population density, long-term');kilo Becquerel
Crude vegetable oil | oil mill: extraction of vegetable oil from rapeseed | Alloc Rec, U;RER;megajoule;Crude vegetable oil | oil mill: extraction of vegetable oil from rapeseed | Alloc Rec, U
market for wood chips, wet, measured as dry mass;Europe without Switzerland;kilogram;wood chips, wet, measured as dry mass
Propene;('air', 'low population density, long-term');kilogram
Ammonium, ion;('water',);kilogram
metal coating facility construction;RoW;unit;metal coating facility
Heat, waste;('air', 'non-urban air or from high stacks');megajoule
market for aluminium oxide, metallurgical;IAI Area, EU27 & EFTA;kilogram;aluminium oxide, metallurgical
Arsenic, ion;('water', 'surface water');kilogram
Hexane;('air', 'urban air close to ground');kilogram
market for casting, brass;GLO;kilogram;casting, brass
Ethanol from forest residues;RER;kilogram;Ethanol from forest residues
adsorption and desorption unit, carbon dioxide capture process;RER;unit;adsorption and desorption unit, carbon dioxide capture process
Butane;('air', 'non-urban air or from high stacks');kilogram
market for hazardous waste, for incineration;RoW;kilogram;hazardous waste, for incineration
market for liquid storage tank, chemicals, organics;GLO;unit;liquid storage tank, chemicals, organics
market for anode, graphite, for lithium-ion battery;GLO;kilogram;anode, graphite, for lithium-ion battery
market for pesticide, unspecified;GLO;kilogram;pesticide, unspecified
electricity production, natural gas, combined cycle power plant;DE;kilowatt hour;electricity, high voltage
Hydrogen, gaseous, 700 bar, from ATR of biogas with CCS, at fuelling station;RER;kilogram;Hydrogen, gaseous, 700 bar
noise, octave 8, day time, rural;('octave 8', 'day time', 'rural');joule
market for aluminium, wrought alloy;GLO;kilogram;aluminium, wrought alloy
heat and power co-generation, biogas, gas engine;DE;kilowatt hour;electricity, high voltage
Fiber drying 3;RER;kilogram;Dried fiber 3
Styrene;('air', 'non-urban air or from high stacks');kilogram
Transformation, to forest, extensive;('natural resource', 'land');square meter
Water;('water',);cubic meter
cathode, NMC-622, for Li-ion battery;GLO;kilogram;cathode, NMC-622, for Li-ion battery
RWGS catalyst;RER;kilogram;RWGS catalyst
Lead;('air', 'low population density, long-term');kilogram
cast iron production;RoW;kilogram;cast iron
market for heat, central or small-scale, other than natural gas;CH;megajoule;heat, central or small-scale, other than natural gas
market for sodium hydroxide, without water, in 50% solution state;GLO;kilogram;sodium hydroxide, without water, in 50% solution state
Sulfate;('water', 'surface water');kilogram
Boron;('water', 'surface water');kilogram
market for diesel;RoW;kilogram;diesel
Acetic acid;('air',);kilogram
Hydrogen-3, Tritium;('water', 'ocean');kilo Becquerel
market for steel, low-alloyed;GLO;kilogram;steel, low-alloyed
Crude Palm Oil extraction from FFBs {RER} |oil mill|;RER;megajoule;Crude Palm Oil extraction from FFBs {RER} |oil mill|
market for injection moulding;GLO;kilogram;injection moulding
Noble gases, radioactive, unspecified;('air', 'non-urban air or from high stacks');kilo Becquerel
market for styrene butadiene rubber (SBR);RER;kilogram;styrene butadiene rubber (SBR)
electricity production, at wood burning power plant 20 MW, truck 25km, post, pipeline 200km, storage 1000m;RER;kilowatt hour;electricity, high voltage
market for heat, district or industrial, other than natural gas;Europe without Switzerland;megajoule;heat, district or industrial, other than natural gas
Hydrogen chloride;('air', 'non-urban air or from high stacks');kilogram
Plant oil production | refining of crude vegetable oil from rapeseed| Alloc Rec, U;RER;megajoule;Plant oil production | refining of crude vegetable oil from rapeseed| Alloc Rec, U
casting, brass;CH;kilogram;casting, brass
market for chromium oxide, flakes;GLO;kilogram;chromium oxide, flakes
noise, octave 2, day time, urban;('octave 2', 'day time', 'urban');joule
Hydrogen, gaseous, 700 bar, from gasification of woody biomass in entrained flow gasifier, at fuelling station;CH;kilogram;Hydrogen, gaseous, 700 bar
market for concrete, high exacting requirements;CH;cubic meter;concrete, high exacting requirements
Dimethyl sulfoxide production (DMSO);RER;kilogram;Dimethyl sulfoxide
wire drawing, copper;RoW;kilogram;wire drawing, copper
Methane, fossil;('air', 'low population density, long-term');kilogram
market for soft solder, Sn97Cu3;RER;kilogram;soft solder, Sn97Cu3
Calcium, ion;('water', 'surface water');kilogram
Coal, hard, unspecified, in ground;('natural resource', 'in ground');kilogram
treatment of hazardous waste, hazardous waste incineration;RoW;kilogram;hazardous waste, for incineration
Wheat grain cultivation, drying and storage {RER} | wheat grain production Europe | Alloc Rec, U;RER;megajoule;Wheat grain cultivation, drying and storage {RER} | wheat grain production Europe | Alloc Rec, U
market for antimony;GLO;kilogram;antimony
electrolyte, for Li-ion battery;GLO;kilogram;electrolyte, for Li-ion battery
treatment of wastewater from lorry production, capacity 4.7E10l/year;CH;cubic meter;wastewater from lorry production
Formaldehyde;('air',);kilogram
NMVOC, non-methane volatile organic compounds, unspecified origin;('air', 'urban air close to ground');kilogram
CO2 storage/at H2 production plant, pre, pipeline 200km, storage 1000m;RER;kilogram;CO2 storage/at H2 production plant, pre, pipeline 200km, storage 1000m
market for synthetic rubber;GLO;kilogram;synthetic rubber
Semi-rigid roadside barriers;RER;unit;Semi-rigid roadside barriers
market for carboxymethyl cellulose, powder;GLO;kilogram;carboxymethyl cellulose, powder
Occupation, traffic area, rail/road embankment;('natural resource', 'land');square meter-year
Arsenic;('air', 'non-urban air or from high stacks');kilogram
aluminium production, primary, ingot;IAI Area, EU27 & EFTA;kilogram;aluminium, primary, ingot
Fiber coagulation;RER;kilogram;Coagulated fiber
Selective coating, sputtering;GLO;square meter;Selective coating, sputtering
Carbon dioxide, from soil or biomass stock;('air',);kilogram
Gravel, in ground;('natural resource', 'in ground');kilogram
Carbon dioxide, non-fossil;('air',);kilogram
Energy, gross calorific value, in biomass;('natural resource', 'biotic');megajoule
Propane;('air', 'low population density, long-term');kilogram
market for wastewater, average;RoW;cubic meter;wastewater, average
market for isopropanol;RER;kilogram;isopropanol
Mercury;('air', 'low population density, long-term');kilogram
Calcium;('soil', 'agricultural');kilogram
Plant oil from crude oil | refining of vegetable oil from oil palm|;RER;megajoule;Plant oil from crude oil | refining of vegetable oil from oil palm|
Fiber drying;RER;kilogram;Dried fiber
Ethene;('air', 'urban air close to ground');kilogram
heat production, natural gas, at boiler condensing modulating >100kW;Europe without Switzerland;megajoule;heat, district or industrial, natural gas
transport, freight, inland waterways, barge;RER;ton kilometer;transport, freight, inland waterways, barge
Iron, in ground;('natural resource', 'in ground');kilogram
1-Pentene;('air', 'urban air close to ground');kilogram
Lead;('air', 'urban air close to ground');kilogram
End plate;GLO;kilowatt;End plate
Catenary system;RER;kilometer;Catenary system
market for polypropylene, granulate;GLO;kilogram;polypropylene, granulate
PAH, polycyclic aromatic hydrocarbons;('air',);kilogram
Acetaldehyde;('air', 'low population density, long-term');kilogram
epoxy resin production, liquid;RoW;kilogram;epoxy resin, liquid
Nitrogen oxides;('air', 'non-urban air or from high stacks');kilogram
market for aluminium alloy, AlMg3;GLO;kilogram;aluminium alloy, AlMg3
market for phenolic resin;RER;kilogram;phenolic resin
power electronics, for lorry;RER;kilogram;power electronics, for lorry
Cell container;GLO;kilogram;Cell container
Butane;('air',);kilogram
Anode current collector, LTO;JP;kilogram;Anode current collector, LTO
market for tap water;Europe without Switzerland;kilogram;tap water
Radon-222;('air', 'urban air close to ground');kilo Becquerel
Heat, waste;('water', 'ground-, long-term');megajoule
drilling, deep borehole/m;RER;meter;drilling, deep borehole/m
Fiber electrolysis;RER;kilogram;Fiber electrolysis
Battery cell, LTO;GLO;kilogram;Battery cell
reinforcing steel production;Europe without Austria;kilogram;reinforcing steel
Methane, fossil;('air', 'urban air close to ground');kilogram
pipeline, supercritical CO2/km;RER;kilometer;pipeline, supercritical CO2/km
metal working, average for copper product manufacturing;RER;kilogram;metal working, average for copper product manufacturing
Battery cell, NMC-622;GLO;kilogram;Battery cell
noise, octave 5, day time, suburban;('octave 5', 'day time', 'suburban');joule
market for natural gas, high pressure;CH;cubic meter;natural gas, high pressure
market for titanium dioxide;RoW;kilogram;titanium dioxide
retarder, for lorry;RER;kilogram;retarder, for lorry
Benzene;('air',);kilogram
Tab Copper;GLO;kilogram;Tab Copper
COD, Chemical Oxygen Demand;('water',);kilogram
heat exchanger, carbon dioxide capture process;RER;unit;heat exchanger, carbon dioxide capture process
Biodiesel from algae;RER;kilogram;Biodiesel from algae
market for natural gas, medium pressure, vehicle grade;GLO;kilogram;natural gas, medium pressure, vehicle grade
Sulfur dioxide;('air',);kilogram
Chromium;('air', 'non-urban air or from high stacks');kilogram
Fuel tank, compressed hydrogen gas, 700bar;GLO;kilogram;Fuel tank, compressed hydrogen gas, 700bar
Fuel tank, compressed hydrogen gas, 700bar, with aluminium liner;RER;kilogram;Hydrogen tank
market for polyphenylene sulfide;GLO;kilogram;polyphenylene sulfide
metal working, average for chromium steel product manufacturing;RoW;kilogram;metal working, average for chromium steel product manufacturing
market for concrete, normal;RoW;cubic meter;concrete, normal
treatment of road wear emissions, lorry;RER;kilogram;road wear emissions, lorry
Propane;('air', 'urban air close to ground');kilogram
market for ethanol, without water, in 99.7% solution state, from ethylene;RER;kilogram;ethanol, without water, in 99.7% solution state, from ethylene
Hydrogen, gaseous, 700 bar, from SMR of biogas, at fuelling station;RER;kilogram;Hydrogen, gaseous, 700 bar
Benzaldehyde;('air', 'non-urban air or from high stacks');kilogram
diesel production, low-sulfur, petroleum refinery operation;Europe without Switzerland;kilogram;diesel, low-sulfur
container, with pipes and fittings, for diaphragm compressor;GLO;unit;container, with pipes and fittings, for diaphragm compressor
market for polyurethane, flexible foam;RER;kilogram;polyurethane, flexible foam
Fiber sizing 3;RER;kilogram;Resized fiber
router, internet;CH;unit;router, internet
market for metal working, average for copper product manufacturing;GLO;kilogram;metal working, average for copper product manufacturing
Ethane, 1,1,1,2-tetrafluoro-, HFC-134a;('air',);kilogram
Diesel production, synthetic, Fischer Tropsch process, economic allocation;RER;kilogram;Diesel, synthetic
arsine production;GLO;kilogram;arsine
Hydrogen, gaseous, 700 bar, ATR of NG, with CCS, at fuelling station;RER;kilogram;Hydrogen, gaseous, 700 bar
market for brass;RoW;kilogram;brass
graphite ore mining;CN;kilogram;graphite ore, mined
market for copper, cathode;GLO;kilogram;copper, cathode
Iron, ion;('water',);kilogram
PEM electrolyzer, Operation and Maintenance;RER;hour;PEM electrolyzer, Operation and Maintenance
market group for heat, central or small-scale, natural gas;RER;megajoule;heat, central or small-scale, natural gas
Selenium;('air', 'non-urban air or from high stacks');kilogram
vinyl carbonate;GLO;kilogram;disodium disulphite
treatment of sewage sludge by anaerobic digestion;CH;cubic meter;biogas
market for zeolite, powder;GLO;kilogram;zeolite, powder
heat production, hardwood chips from forest, at furnace 1000kW, state-of-the-art 2014;CH;megajoule;heat, district or industrial, other than natural gas
Fuel tank, compressed hydrogen gas, 700bar, with HDPE liner;RER;kilogram;Hydrogen tank
Hydrogen, gaseous, 700 bar, from gasification of woody biomass in entrained flow gasifier, with CCS, at fuelling station;RER;kilogram;Hydrogen, gaseous, 700 bar
transmission network construction, electricity, medium voltage;CH;kilometer;transmission network, electricity, medium voltage
Hydrogen, gaseous, 25 bar, from gasification of woody biomass in entrained flow gasifier, with CCS, at gasification plant;CH;kilogram;Hydrogen, gaseous, 25 bar
EV charger, level 3, plugin, 200 kW;RER;unit;EV charger, level 3, plugin, 200 kW
Methane, synthetic, gaseous, 5 bar, from electrochemical methanation, at fuelling station;RER;kilogram;methane, high pressure
ATR BM, with digestate incineration, 25 bar;CH;megajoule;Hydrogen, gaseous, 25 bar
cathode, NMC-111, for Li-ion battery;GLO;kilogram;cathode, NMC-111, for Li-ion battery
Energy, potential (in hydropower reservoir), converted;('natural resource', 'in water');megajoule
treatment of hazardous waste, hazardous waste incineration;CH;kilogram;hazardous waste, for incineration
Phosphorus;('water', 'surface water');kilogram
transmission network construction, long-distance;UCTE;kilometer;transmission network, long-distance
Occupation, mineral extraction site;('natural resource', 'land');square meter-year
Nickel;('air', 'low population density, long-term');kilogram
market for nickel, class 1;GLO;kilogram;nickel, class 1
Acetone;('air', 'non-urban air or from high stacks');kilogram
treatment of wood ash mixture, pure, municipal incineration;CH;kilogram;wood ash mixture, pure
Benzene;('air', 'non-urban air or from high stacks');kilogram
graphite production;RoW;kilogram;graphite
market for transport, freight, inland waterways, barge;RER;ton kilometer;transport, freight, inland waterways, barge
Chloride;('water', 'ground-, long-term');kilogram
Aluminium;('water', 'surface water');kilogram
Stack;GLO;kilowatt;Stack
cable production, unspecified;GLO;kilogram;cable, unspecified
market for compressed air, 1000 kPa gauge;RER;cubic meter;compressed air, 1000 kPa gauge
Particulates, > 10 um;('air',);kilogram
Acrolein;('air', 'non-urban air or from high stacks');kilogram
activated bentonite production;DE;kilogram;activated bentonite
Coating and curing, general manufacturing;GLO;square meter;Coating and curing, general manufacturing
market group for inorganic nitrogen fertiliser, as N;RER;kilogram;inorganic nitrogen fertiliser, as N
Styrene;('air', 'urban air close to ground');kilogram
Mercury;('air', 'urban air close to ground');kilogram
market for magnesium oxide;GLO;kilogram;magnesium oxide
Hydrogen, gaseous, 25 bar, from heatpipe reformer gasification of woody biomass, at gasification plant;RER;kilogram;Hydrogen, gaseous, 25 bar
market for gas turbine, 10MW electrical;GLO;unit;gas turbine, 10MW electrical
Occupation, annual crop;('natural resource', 'land');square meter-year
market for diesel, burned in building machine;GLO;megajoule;diesel, burned in building machine
noise, octave 1, day time, suburban;('octave 1', 'day time', 'suburban');joule
Syngas, RWGS, Production;RER;kilogram;Syngas, RWGS, Production
Potassium, ion;('water', 'surface water');kilogram
Biodiesel from cooking oil;RER;kilogram;Biodiesel from cooking oil
Benzo(a)pyrene;('air',);kilogram
market for wheat seed, for sowing;GLO;kilogram;wheat seed, for sowing
Carbon monoxide, from RWGS;RER;kilogram;Carbon monoxide, from RWGS
air separation, cryogenic;RER;kilogram;oxygen, liquid
Oxygen;('natural resource', 'in air');kilogram
COD, Chemical Oxygen Demand;('water', 'surface water');kilogram
Anode paste, LFP;JP;kilogram;Anode paste, LFP
sheet rolling, steel;RoW;kilogram;sheet rolling, steel
Silicon;('water', 'surface water');kilogram
Carbon dioxide, in air;('natural resource', 'in air');kilogram
market for refrigerant R134a;GLO;kilogram;refrigerant R134a
cement production, Portland;CH;kilogram;cement, Portland
